Name,Age,Age,Age
,min,max,mean
Adam,25,34,29.5
Alan,34,34,34.0
Alex,26,26,26.0
Andrew,26,35,29.333333333333332
Anthony,23,39,33.666666666666664
Arnold,27,27,27.0
Billy,30,40,35.0
Boris,26,26,26.0
Caley,21,22,21.5
Champ,21,28,24.5
Charlie,34,34,34.0
Clark,37,37,37.0
